id_commande,date_commande,client_id,ville_client,produit,categorie,quantite,prix_unitaire,note_satisfaction
CMD1240,2024-09-22,CL1021,Aneho,Sac a dos,Accessoire,3.0,71.52,4.0
CMD1060,2024-12-07,CL1083,Sokode,Jean,Bas,2.0,60.19,4.0
CMD1402,2024-09-10,CL1130,Sokode,Casquette,Accessoire,5.0,11.68,5.0
CMD1159,2024-03-20,CL1167,Sokode,Chaussettes,Bas,4.0,8.18,4.0
CMD1051,2024-03-20,CL1041,,jean,Bas,4.0,47.38,3.0
CMD1193,2024-01-22,CL1004,Lome,Veste,Haut,3.0,105.02,4.0
CMD1462,2024-06-16,CL1023,Lome,Casquette,Accessoire,1.0,18.26,3.0
CMD1338,2024-09-11,CL1025,Sokode,Pull,Haut,3.0,34.25,5.0
CMD1013,2024-03-11,CL1126,Kara,Chaussettes,Bas,4.0,11.28,5.0
CMD1476,2024-10-26,CL1040,Sokode,Casquette,Accessoire,5.0,10.59,3.0
CMD1259,2024-12-29,CL1088,Lome,Sneakers,Chaussures,,67.81,3.0
CMD1065,2024-04-25,CL1037,Kpalime,Pull,Haut,2.0,27.8,3.0
CMD1318,2024-11-26,CL1095,Dapaong,Chaussettes,Bas,1.0,6.26,4.0
CMD1082,2024-02-11,CL1004,Lome,Chaussettes,Bas,4.0,6.95,5.0
CMD1202,2024-02-07,CL1118,Lome,Casquette,Accessoire,1.0,17.96,4.0
CMD1238,2024-06-18,CL1031,Tsevie,Pull,Haut,1.0,50.86,4.0
CMD1380,2024-06-30,CL1165,Kpalime,Jean,Bas,2.0,38.83,3.0
CMD1032,2024-10-03,CL1023,Lome,Jean,Bas,1.0,50.51,1.0
CMD1246,2024-10-17,CL1154,Kara,Sneakers,Chaussures,3.0,50.04,1.0
CMD1235,22/08/2024,CL1075,Lome,Sac a dos,Accessoire,1.0,67.9,1.0
CMD1066,07/02/2024,CL1106,Kpalime,T-shirt,Haut,5.0,12.6,5.0
CMD1319,2024-12-15,CL1138,Kara,Chaussettes,Bas,4.0,8.14,
CMD1347,2024-05-26,CL1128,Sokode,Chaussettes,Bas,2.0,5.08,1.0
CMD1464,2024-10-11,CL1063,Tsevie,Sneakers,Chaussures,4.0,47.33,5.0
CMD1294,2024-12-08,CL1057,Lome,Jean,Bas,2.0,56.55,5.0
CMD1455,2024-09-23,CL1179,Tsevie,Casquette,Accessoire,2.0,10.93,4.0
CMD1147,2024-09-11,CL1198,Aneho,Chaussettes,Bas,1.0,6.92,4.0
CMD1236,2024-06-10,CL1131,Tsevie,Veste,Haut,2.0,63.94,4.0
CMD1115,2024-05-19,CL1138,Atakpame,Jean,Bas,2.0,51.4,5.0
CMD1243,2024-06-29,CL1111,Atakpame,Sac a dos,Accessoire,1.0,51.09,5.0
CMD1164,2024-04-15,CL1195,Dapaong,Pull,Haut,1.0,32.31,2.0
CMD1200,2024-10-15,CL1114,Kara,Jean,Bas,5.0,41.2,5.0
CMD1405,2024-06-27,CL1112,Kara,Veste,Haut,1.0,86.79,2.0
CMD1188,2024-04-20,CL1029,Kara,Chaussettes,Bas,5.0,8.4,5.0
CMD1114,2024-10-18,CL1112,Kpalime,T-shirt,Haut,2.0,14.16,4.0
CMD1090,2024-08-03,CL1027,Lome,Jean,Bas,3.0,52.71,5.0
CMD1421,2024-09-22,CL1113,Kpalime,Veste,Haut,1.0,102.91,
CMD1357,2024-12-18,CL1128,Dapaong,Pull,Haut,1.0,36.52,2.0
CMD1283,2024-10-25,CL1043,Atakpame,sac a dos,Accessoire,2.0,45.93,5.0
CMD1237,2024-11-27,CL1073,Lome,Chaussettes,Bas,5.0,11.92,3.0
CMD1216,2024-12-12,CL1113,Kara,Sneakers,Chaussures,1.0,99.09,3.0
CMD1284,2024-12-24,CL1048,Lome,Chaussettes,Bas,2.0,6.03,2.0
CMD1451,2024-04-10,CL1194,,Sac a dos,Accessoire,5.0,52.1,5.0
CMD1369,2024-09-10,CL1157,Atakpame,Jean,Bas,2.0,47.64,5.0
CMD1120,2024-03-23,CL1105,Kpalime,pull,Haut,3.0,37.25,4.0
CMD1479,2024-06-29,CL1144,Atakpame,Pull,Haut,1.0,52.42,5.0
CMD1277,2024-06-22,CL1093,Kara,Jean,Bas,1.0,,5.0
CMD1253,2024-04-12,CL1060,Lome,Sneakers,Chaussures,2.0,104.53,3.0
CMD1310,2024-10-08,CL1193,Kara,Sac a dos,Accessoire,3.0,39.19,5.0
CMD1445,2024-08-29,CL1098,Lome,T-shirt,Haut,1.0,12.57,4.0
CMD1472,2024-05-23,CL1035,Lome,Casquette,Accessoire,5.0,14.99,4.0
CMD1436,2024-04-14,CL1137,Lome,Sneakers,Chaussures,2.0,65.81,3.0
CMD1330,2024-08-30,CL1057,Dapaong,Sneakers,Chaussures,1.0,67.49,3.0
CMD1263,2024-10-19,CL1158,Kpalime,Jean,Bas,2.0,36.59,4.0
CMD1313,2024-09-07,CL1130,Atakpame,Sac a dos,Accessoire,2.0,36.97,2.0
CMD1372,2024-03-31,CL1081,Kara,Sneakers,Chaussures,2.0,67.53,4.0
CMD1242,2024-08-06,CL1176,Kara,Pull,Haut,2.0,44.83,3.0
CMD1431,2024-11-22,CL1018,Lome,Veste,Haut,1.0,104.54,5.0
CMD1426,2024-11-11,CL1113,Aneho,Veste,Haut,1.0,116.53,
CMD1477,2024-01-29,CL1147,Lome,Jean,Bas,,43.67,3.0
CMD1132,2024-12-23,CL1146,Tsevie,Chaussettes,Bas,3.0,8.19,3.0
CMD1250,26/05/2024,CL1051,,Casquette,Accessoire,2.0,17.04,5.0
CMD1278,2024-01-24,CL1035,Sokode,Sneakers,Chaussures,4.0,59.93,1.0
CMD1355,2024-04-16,CL1036,Lome,T-shirt,Haut,3.0,14.33,5.0
CMD1303,2024-10-17,CL1193,Dapaong,Sneakers,Chaussures,3.0,46.06,
CMD1030,2024-02-25,CL1049,Dapaong,Jean,Bas,,,3.0
CMD1281,2024-01-09,CL1084,Kara,Sac a dos,Accessoire,2.0,,4.0
CMD1377,2024-03-19,CL1096,Lome,Sneakers,Chaussures,2.0,92.5,4.0
CMD1031,2024-05-22,CL1063,Kara,Veste,Haut,1.0,108.27,5.0
CMD1352,2024-02-12,CL1111,Atakpame,Sac a dos,Accessoire,1.0,33.37,5.0
CMD1052,2024-06-19,CL1171,Lome,Sneakers,Chaussures,1.0,111.11,4.0
CMD1466,2024-11-26,CL1149,Atakpame,Veste,Haut,3.0,134.13,2.0
CMD1261,2024-03-27,CL1148,Sokode,Casquette,Accessoire,1.0,16.14,5.0
CMD1145,2024-04-11,CL1123,Tsevie,Chaussettes,Bas,5.0,9.83,4.0
CMD1101,2024-09-25,CL1072,Atakpame,Veste,Haut,2.0,126.47,5.0
CMD1056,2024-02-29,CL1045,Aneho,Chaussettes,Bas,3.0,9.76,4.0
CMD1220,2024-10-10,CL1182,Tsevie,Casquette,Accessoire,5.0,10.52,2.0
CMD1002,2024-10-28,CL1001,Lome,T-shirt,Haut,4.0,19.3,4.0
CMD1058,2024-12-28,CL1000,Lome,Jean,Bas,2.0,48.48,4.0
CMD1439,2024-12-28,CL1179,Lome,Casquette,Accessoire,1.0,16.66,3.0
CMD1217,2024-05-02,CL1200,Lome,Casquette,Accessoire,5.0,17.52,4.0
CMD1430,2024-05-31,CL1013,Atakpame,Casquette,Accessoire,2.0,12.05,
CMD1441,2024-03-01,CL1085,Atakpame,Sneakers,Chaussures,2.0,101.23,1.0
CMD1074,2024-04-28,CL1177,Lome,Pull,Haut,1.0,51.79,4.0
CMD1314,2024-07-31,CL1144,Lome,Sac a dos,Accessoire,5.0,78.52,5.0
CMD1089,2024-08-07,CL1094,Lome,Jean,Bas,1.0,62.87,
CMD1435,2024-10-01,CL1157,Lome,Chaussettes,Bas,4.0,7.97,5.0
CMD1333,2024-04-07,CL1068,Lome,Jean,Bas,3.0,67.28,1.0
CMD1080,2024-08-07,CL1118,Lome,Chaussettes,Bas,1.0,9.14,3.0
CMD1413,2024-08-22,CL1170,Atakpame,Pull,Haut,1.0,42.46,
CMD1026,2024-02-06,CL1060,Tsevie,T-shirt,Haut,1.0,14.98,5.0
CMD1165,2024-03-16,CL1000,Lome,Veste,Haut,2.0,112.77,5.0
CMD1458,2024-06-16,CL1115,Atakpame,Casquette,Accessoire,4.0,18.51,4.0
CMD1034,2024-08-20,CL1108,Lome,Chaussettes,Bas,4.0,5.02,4.0
CMD1337,2024-05-24,CL1119,Sokode,Veste,Haut,,95.7,4.0
CMD1351,2024-07-13,CL1141,Lome,Jean,Bas,1.0,57.88,4.0
CMD1118,2024-11-29,CL1071,Kara,T-shirt,Haut,1.0,21.92,5.0
CMD1050,2024-04-17,CL1063,Tsevie,T-shirt,Haut,1.0,16.01,
CMD1321,2024-01-12,CL1118,Tsevie,Sneakers,Chaussures,2.0,99.59,4.0
CMD1014,2024-03-22,CL1108,Lome,Jean,Bas,1.0,61.45,
CMD1212,2024-01-10,CL1079,Sokode,Jean,Bas,4.0,57.61,4.0
CMD1422,2024-08-04,CL1122,Tsevie,T-shirt,Haut,3.0,12.1,3.0
CMD1443,2024-10-17,CL1094,Lome,Sac a dos,Accessoire,3.0,57.31,3.0
CMD1003,2024-04-20,CL1026,Lome,Sneakers,Chaussures,3.0,97.36,4.0
CMD1293,2024-12-22,CL1035,Aneho,Sac a dos,Accessoire,2.0,42.84,4.0
CMD1059,2024-06-18,CL1080,Aneho,Veste,Haut,1.0,92.78,5.0
CMD1289,2024-12-26,CL1176,Dapaong,Casquette,Accessoire,2.0,12.25,3.0
CMD1296,2024-08-31,CL1166,Kara,Sneakers,Chaussures,1.0,45.39,5.0
CMD1452,2024-10-04,CL1162,Lome,Veste,Haut,4.0,73.55,4.0
CMD1098,24/10/2024,CL1121,Lome,Veste,Haut,2.0,96.4,4.0
CMD1280,2024-09-16,CL1136,Kpalime,Pull,Haut,2.0,29.88,5.0
CMD1040,2024-11-26,CL1117,Lome,Pull,Haut,4.0,32.16,4.0
CMD1162,2024-05-21,CL1031,Lome,Pull,Haut,3.0,41.33,3.0
CMD1146,2024-12-24,CL1005,Sokode,Jean,Bas,3.0,43.3,4.0
CMD1424,2024-03-09,CL1173,Kara,Pull,Haut,1.0,51.43,
CMD1450,2024-06-04,CL1062,Lome,Sac a dos,Accessoire,2.0,457.2,5.0
CMD1194,2024-10-20,CL1181,Sokode,Sac a dos,Accessoire,3.0,85.27,4.0
CMD1155,2024-11-22,CL1027,Sokode,Pull,Haut,2.0,45.18,4.0
CMD1206,2024-12-28,CL1112,Lome,Jean,Bas,1.0,52.66,5.0
CMD1079,2024-11-14,CL1006,Aneho,Chaussettes,Bas,5.0,10.07,5.0
CMD1292,2024-08-14,CL1065,Lome,Casquette,Accessoire,1.0,19.55,
CMD1028,2024-02-19,CL1110,Lome,Veste,Haut,4.0,130.62,
CMD1041,2024-11-14,CL1025,Lome,Pull,Haut,1.0,52.87,5.0
CMD1354,2024-05-23,CL1144,Atakpame,Sac a dos,Accessoire,1.0,46.27,5.0
CMD1386,2024-08-12,CL1081,Kara,Veste,Haut,3.0,106.9,5.0
CMD1022,2024-03-25,CL1135,Aneho,Sneakers,Chaussures,5.0,54.63,4.0
CMD1367,2024-06-03,CL1126,Lome,sneakers,Chaussures,1.0,96.4,4.0
CMD1109,2024-04-16,CL1054,Aneho,T-shirt,Haut,1.0,19.93,
CMD1232,2024-07-01,CL1088,Atakpame,Chaussettes,Bas,2.0,11.87,2.0
CMD1394,2024-10-29,CL1172,Aneho,Sneakers,Chaussures,2.0,,2.0
CMD1057,2024-06-09,CL1155,Lome,Casquette,Accessoire,4.0,10.38,4.0
CMD1473,2024-10-05,CL1097,Kpalime,Chaussettes,Bas,2.0,6.4,1.0
CMD1062,2024-01-01,CL1073,Kara,Sneakers,Chaussures,2.0,91.16,4.0
CMD1111,2024-04-28,CL1180,Lome,T-shirt,Haut,5.0,17.31,4.0
CMD1084,2024-11-14,CL1061,Tsevie,T-shirt,Haut,2.0,24.34,3.0
CMD1213,2024-09-05,CL1057,Aneho,Sneakers,Chaussures,3.0,116.34,3.0
CMD1353,2024-01-22,CL1054,Tsevie,Pull,Haut,1.0,41.98,3.0
CMD1138,2024-05-27,CL1191,Kpalime,T-shirt,Haut,2.0,20.03,3.0
CMD1179,2024-12-06,CL1184,Kara,Pull,Haut,4.0,45.1,4.0
CMD1129,2024-07-31,CL1129,Dapaong,Sneakers,Chaussures,2.0,109.8,4.0
CMD1173,2024-10-26,CL1182,Kpalime,Sneakers,Chaussures,2.0,49.93,5.0
CMD1096,2024-07-27,CL1142,Lome,T-shirt,Haut,2.0,18.72,5.0
CMD1187,2024-05-19,CL1169,Kpalime,T-shirt,Haut,1.0,14.02,5.0
CMD1474,2024-10-16,CL1082,Lome,Pull,Haut,5.0,39.39,5.0
CMD1141,2024-10-16,CL1046,Sokode,Pull,Haut,2.0,37.92,
CMD1440,2024-05-12,CL1095,Sokode,T-shirt,Haut,3.0,14.13,3.0
CMD1358,2024-02-08,CL1154,Lome, Pull ,Haut,4.0,26.61,4.0
CMD1396,2024-10-21,CL1108,Kpalime,Sneakers,Chaussures,4.0,83.31,4.0
CMD1293,2024-12-22,CL1035,Aneho,Sac a dos,Accessoire,2.0,42.84,4.0
CMD1205,2024-08-18,CL1087,Aneho,Pull,Haut,1.0,43.15,2.0
CMD1306,2024-05-16,CL1077,Kara,T-shirt,Haut,2.0,15.39,4.0
CMD1227,2024-03-03,CL1061,Lome,Chaussettes,Bas,2.0,5.78,1.0
CMD1168,2024-08-03,CL1029,Lome,Pull,Haut,2.0,25.47,5.0
CMD1081,2024-08-20,CL1086,Lome,Sneakers,Chaussures,4.0,48.77,4.0
CMD1328,2024-08-06,CL1126,Kpalime,Casquette,Accessoire,1.0,12.75,5.0
CMD1305,2024-09-01,CL1063,,Chaussettes,Bas,1.0,9.68,4.0
CMD1295,2024-08-29,CL1174,Lome,Veste,Haut,4.0,64.72,2.0
CMD1412,2024-07-07,CL1124,Atakpame,Jean,Bas,2.0,49.1,5.0
CMD1453,2024-07-11,CL1026,Dapaong,T-shirt,Haut,1.0,24.36,4.0
CMD1204,2024-10-19,CL1048,Kara,Chaussettes,Bas,1.0,8.24,
CMD1416,2024-11-16,CL1004,Lome,Sac a dos,Accessoire,1.0,77.3,5.0
CMD1053,2024-01-20,CL1056,Kara,Veste,Haut,1.0,84.01,5.0
CMD1267,2024-09-20,CL1027,Dapaong,Pull,Haut,1.0,54.26,5.0
CMD1139,2024-12-26,CL1113,Dapaong,Jean,Bas,1.0,50.19,2.0
CMD1258,2024-01-29,CL1132,Kara,Sneakers,Chaussures,1.0,102.58,2.0
CMD1298,2024-01-20,CL1106,Sokode,Jean,Bas,2.0,,3.0
CMD1066,2024-02-07,CL1106,Kpalime,T-shirt,Haut,5.0,12.6,5.0
CMD1399,2024-09-15,CL1126,Aneho,Sneakers,Chaussures,4.0,,
CMD1370,2024-07-21,CL1158,Lome,Veste,Haut,,101.21,4.0
CMD1427,2024-03-04,CL1186,Lome,Veste,Haut,1.0,67.8,5.0
CMD1362,2024-06-11,CL1027,Atakpame,Sneakers,Chaussures,1.0,73.5,4.0
CMD1099,2024-08-20,CL1078,Lome,Pull,Haut,3.0,37.77,4.0
CMD1248,28/02/2024,CL1188,Lome,Pull,Haut,2.0,36.94,1.0
CMD1148,2024-04-07,CL1064,Lome,Veste,Haut,3.0,114.64,5.0
CMD1015,2024-10-10,CL1174,Sokode,jean,Bas,5.0,48.47,1.0
CMD1163,2024-11-01,CL1012,Kpalime,Sac a dos,Accessoire,2.0,35.5,1.0
CMD1274,2024-07-06,CL1102,Dapaong,Sneakers,Chaussures,3.0,111.18,1.0
CMD1046,2024-05-08,CL1023,Sokode,Pull,Haut,2.0,31.11,1.0
CMD1086,2024-02-28,CL1079,Kpalime,Casquette,Accessoire,1.0,17.67,3.0
CMD1037,2024-02-05,CL1017,Tsevie,Sneakers,Chaussures,1.0,49.27,5.0
CMD1401,2024-05-20,CL1137,Lome,Jean,Bas,2.0,54.79,3.0
CMD1373,2024-05-04,CL1096,,Casquette,Accessoire,5.0,17.35,4.0
CMD1172,2024-02-11,CL1155,Lome,Jean,Bas,5.0,,4.0
CMD1073,2024-04-30,CL1085,Atakpame,Veste,Haut,1.0,,4.0
CMD1316,2024-12-24,CL1138,Kara,Veste,Haut,1.0,112.05,2.0
CMD1104,2024-08-28,CL1112,Sokode,Sac a dos,Accessoire,1.0,36.16,5.0
CMD1446,2024-12-01,CL1057,Sokode,Sneakers,Chaussures,1.0,58.42,4.0
CMD1404,2024-08-05,CL1188,Sokode,T-shirt,Haut,5.0,21.88,2.0
CMD1016,2024-06-23,CL1075,Dapaong,Jean,Bas,2.0,58.86,2.0
CMD1301,2024-03-09,CL1119,Tsevie,Casquette,Accessoire,5.0,14.54,5.0
CMD1245,2024-12-13,CL1008,Tsevie,Sneakers,Chaussures,1.0,116.46,5.0
CMD1088,2024-06-03,CL1153,Lome,Veste,Haut,2.0,66.84,
CMD1368,2024-06-02,CL1200,Lome,Sneakers,Chaussures,4.0,49.75,5.0
CMD1140,2024-01-29,CL1091,Lome,Sneakers,Chaussures,1.0,97.05,4.0
CMD1102,2024-04-01,CL1003,Lome,Jean,Bas,2.0,64.14,4.0
CMD1244,2024-11-22,CL1093,Lome,Casquette,Accessoire,1.0,16.39,4.0
CMD1174,2024-11-05,CL1025,Kara,Pull,Haut,2.0,36.43,4.0
CMD1170,2024-12-03,CL1077,Atakpame,Veste,Haut,1.0,145.09,5.0
CMD1249,2024-03-01,CL1198,Aneho,Sneakers,Chaussures,4.0,82.43,4.0
CMD1157,2024-02-29,CL1011,Kpalime,Sac a dos,Accessoire,,84.56,3.0
CMD1070,2024-08-14,CL1184,Aneho,Sac a dos,Accessoire,3.0,70.05,5.0
CMD1133,2024-08-30,CL1098,Lome,Chaussettes,Bas,4.0,6.63,4.0
CMD1271,2024-02-16,CL1129,Sokode,Sac a dos,Accessoire,2.0,59.93,4.0
CMD1380,2024-06-30,CL1165,Kpalime,Jean,Bas,2.0,38.83,3.0
CMD1361,2024-02-07,CL1068,Dapaong,chaussettes,Bas,2.0,5.6,2.0
CMD1256,2024-06-11,CL1018,Lome,Chaussettes,Bas,1.0,10.76,
CMD1222,2024-06-27,CL1106,Tsevie,Jean,Bas,2.0,68.12,1.0
CMD1388,2024-10-09,CL1084,Sokode,Sneakers,Chaussures,2.0,114.74,3.0
CMD1442,2024-10-22,CL1019,Lome,Chaussettes,Bas,1.0,,
CMD1336,2024-12-22,CL1180,Aneho,Jean,Bas,5.0,61.14,5.0
CMD1221,19/09/2024,CL1111,Lome,Jean,Bas,1.0,44.98,3.0
CMD1018,2024-06-01,CL1129,Tsevie,Sneakers,Chaussures,1.0,83.08,
CMD1177,2024-02-13,CL1110,Lome,Pull,Haut,5.0,53.61,2.0
CMD1375,2024-08-24,CL1112,Aneho,Sneakers,Chaussures,1.0,,3.0
CMD1020,2024-06-06,CL1014,Aneho,Pull,Haut,1.0,39.66,3.0
CMD1055,2024-05-22,CL1164,Tsevie,Veste,Haut,2.0,95.86,4.0
CMD1409,2024-07-29,CL1070,Lome,Casquette,Accessoire,1.0,19.52,1.0
CMD1410,2024-12-30,CL1063,Lome,Sneakers,Chaussures,1.0,97.61,4.0
CMD1350,2024-12-22,CL1076,Sokode,Pull,Haut,5.0,53.78,3.0
CMD1034,2024-08-20,CL1108,Lome,Chaussettes,Bas,4.0,5.02,4.0
CMD1181,2024-06-28,CL1094,Tsevie,Sneakers,Chaussures,2.0,94.26,5.0
CMD1184,2024-07-24,CL1036,Sokode,Pull,Haut,1.0,25.18,2.0
CMD1150,2024-06-16,CL1044,Aneho,Pull,Haut,1.0,46.97,4.0
CMD1207,2024-06-22,CL1153,Kara,Sneakers,Chaussures,2.0,72.29,
CMD1228,2024-09-12,CL1137,Lome,Chaussettes,Bas,5.0,9.47,5.0
CMD1239,2024-07-16,CL1047,Atakpame,Pull,Haut,4.0,38.11,4.0
CMD1359,2024-05-19,CL1125,Lome,Chaussettes,Bas,3.0,11.78,5.0
CMD1406,2024-10-28,CL1181,Lome,Jean,Bas,2.0,62.15,4.0
CMD1097,2024-01-09,CL1075,Kara,Veste,Haut,5.0,122.15,2.0
CMD1385,2024-06-24,CL1200,Lome,Jean,Bas,1.0,64.1,5.0
CMD1418,2024-05-20,CL1167,Lome,Sneakers,Chaussures,2.0,111.16,2.0
CMD1154,2024-10-01,CL1116,Lome,Pull,Haut,4.0,27.71,2.0
CMD1122,2024-07-25,CL1000,Lome,Jean,Bas,3.0,46.01,5.0
CMD1113,2024-05-16,CL1018,Kpalime,Veste,Haut,2.0,98.26,3.0
CMD1270,2024-03-22,CL1131,Lome,Pull,Haut,3.0,53.01,5.0
CMD1322,2024-06-26,CL1070,Lome,Chaussettes,Bas,2.0,8.72,3.0
CMD1171,2024-09-02,CL1109,Lome,Sac a dos,Accessoire,1.0,68.6,4.0
CMD1108,2024-10-28,CL1078,Lome,Chaussettes,Bas,5.0,8.15,4.0
CMD1078,15/01/2024,CL1086,Kara, Veste ,Haut,2.0,103.94,4.0
CMD1094,2024-09-10,CL1046,Lome,Sac a dos,Accessoire,4.0,64.19,4.0
CMD1061,2024-12-06,CL1173,Lome,Chaussettes,Bas,1.0,9.88,4.0
CMD1125,2024-06-08,CL1003,Atakpame,Sac a dos,Accessoire,2.0,37.29,5.0
CMD1302,2024-08-22,CL1065,Lome,Casquette,Accessoire,1.0,11.93,
CMD1300,2024-11-04,CL1085,Lome,Casquette,Accessoire,1.0,18.77,2.0
CMD1471,2024-11-11,CL1165,Kpalime,Sac a dos,Accessoire,1.0,83.01,3.0
CMD1091,2024-08-10,CL1187,Atakpame,Chaussettes,Bas,5.0,11.73,3.0
CMD1465,2024-02-01,CL1033,Lome,Jean,Bas,1.0,51.17,3.0
CMD1408,2024-12-26,CL1074,Lome,Pull,Haut,1.0,40.97,4.0
CMD1268,2024-05-06,CL1024,Lome,Pull,Haut,1.0,,3.0
CMD1346,2024-01-09,CL1136,Kpalime,Sac a dos,Accessoire,5.0,52.39,1.0
CMD1264,2024-06-03,CL1062,Kpalime,T-shirt,Haut,2.0,18.47,5.0
CMD1341,2024-07-13,CL1062,Lome,Chaussettes,Bas,2.0,7.07,5.0
CMD1397,2024-09-07,CL1035,Sokode,Sneakers,Chaussures,1.0,81.5,4.0
CMD1024,2024-04-25,CL1086,Lome,Pull,Haut,5.0,38.14,2.0
CMD1327,2024-09-23,CL1105,,Pull,Haut,1.0,32.11,3.0
CMD1340,2024-01-09,CL1141,Atakpame,T-shirt,Haut,2.0,19.31,4.0
CMD1363,2024-05-18,CL1033,Kara,Jean,Bas,2.0,35.18,2.0
CMD1126,2024-03-01,CL1039,Kara,Chaussettes,Bas,1.0,5.65,
CMD1395,2024-04-03,CL1177,Lome,Sneakers,Chaussures,2.0,68.49,4.0
CMD1273,2024-01-05,CL1110,Lome,Sac a dos,Accessoire,,65.85,2.0
CMD1178,2024-10-11,CL1150,Tsevie,Jean,Bas,3.0,61.06,1.0
CMD1420,2024-02-16,CL1000,Kara,Chaussettes,Bas,2.0,9.38,2.0
CMD1363,2024-05-18,CL1033,Kara,Jean,Bas,2.0,35.18,2.0
CMD1223,2024-02-11,CL1057,Lome,T-shirt,Haut,3.0,17.15,4.0
CMD1342,2024-09-07,CL1189,Lome,Sac a dos,Accessoire,3.0,63.04,
CMD1093,2024-08-18,CL1192,Lome,Veste,Haut,1.0,134.77,3.0
CMD1069,2024-03-03,CL1034,Aneho,Sac a dos,Accessoire,2.0,33.01,5.0
CMD1036,2024-09-01,CL1135,Lome,T-shirt,Haut,1.0,21.72,5.0
CMD1160,2024-05-23,CL1176,Aneho,Jean,Bas,4.0,64.18,1.0
CMD1011,2024-09-12,CL1164,Lome,Casquette,Accessoire,3.0,10.66,4.0
CMD1144,2024-06-25,CL1076,Lome,Casquette,Accessoire,1.0,16.78,5.0
CMD1344,2024-12-08,CL1195,Aneho,T-shirt,Haut,1.0,18.81,1.0
CMD1127,2024-05-19,CL1123,Sokode,Sac a dos,Accessoire,2.0,85.96,4.0
CMD1384,2024-05-31,CL1021,Kara,Sneakers,Chaussures,1.0,70.87,4.0
CMD1009,2024-07-13,CL1163,Lome,Sneakers,Chaussures,2.0,,4.0
CMD1364,2024-09-19,CL1026,Sokode,Jean,Bas,5.0,41.56,4.0
CMD1176,2024-06-09,CL1065,Lome,Sac a dos,Accessoire,1.0,53.92,
CMD1231,2024-08-28,CL1162,Kara,Pull,Haut,1.0,27.03,1.0
CMD1210,2024-12-28,CL1079,Lome,Pull,Haut,4.0,34.31,2.0
CMD1128,2024-11-02,CL1191,Kara,Sac a dos,Accessoire,1.0,44.62,5.0
CMD1143,2024-12-07,CL1119,Kara,Sneakers,Chaussures,2.0,62.41,1.0
CMD1241,2024-06-13,CL1020,Sokode,Chaussettes,Bas,1.0,5.55,2.0
CMD1007,2024-11-21,CL1041,Lome,Veste,Haut,4.0,137.98,4.0
CMD1254,2024-10-09,CL1156,Kara,Sac a dos,Accessoire,3.0,31.58,3.0
CMD1360,2024-12-14,CL1169,Kara,Veste,Haut,4.0,92.02,5.0
CMD1457,2024-03-07,CL1074,Kara,Chaussettes,Bas,1.0,5.52,3.0
CMD1008,2024-12-15,CL1018,Atakpame,Pull,Haut,2.0,35.66,
CMD1156,2024-04-23,CL1016,Aneho,Veste,Haut,3.0,102.43,
CMD1027,2024-10-19,CL1121,Sokode,casquette,Accessoire,2.0,16.69,5.0
CMD1266,2024-06-09,CL1187,Kpalime,Sac a dos,Accessoire,3.0,57.87,4.0
CMD1064,2024-05-25,CL1169,Kpalime,Sac a dos,Accessoire,1.0,77.62,5.0
CMD1255,2024-09-02,CL1105,,Jean,Bas,4.0,37.3,5.0
CMD1308,2024-12-26,CL1176,Atakpame,Sac a dos,Accessoire,4.0,48.41,4.0
CMD1153,2024-12-11,CL1142,Tsevie,Jean,Bas,2.0,39.93,4.0
CMD1048,2024-02-27,CL1176,Sokode,Sneakers,Chaussures,4.0,100.59,2.0
CMD1208,2024-02-18,CL1173,Lome,T-shirt,Haut,3.0,22.26,5.0
CMD1287,2024-06-09,CL1117,Sokode,Pull,Haut,5.0,54.94,3.0
CMD1001,2024-04-21,CL1129,Lome,Jean,Bas,1.0,55.67,3.0
CMD1269,2024-08-02,CL1040,Tsevie,T-shirt,Haut,4.0,15.77,3.0
CMD1265,2024-03-21,CL1106,Atakpame,Chaussettes,Bas,1.0,7.08,5.0
CMD1423,2024-02-22,CL1080,Atakpame,Jean,Bas,1.0,43.01,2.0
CMD1324,2024-01-18,CL1153,Lome,T-shirt,Haut,1.0,15.13,5.0
CMD1095,2024-11-01,CL1142,Lome,Sac a dos,Accessoire,2.0,42.73,4.0
CMD1449,2024-06-08,CL1022,Dapaong,Jean,Bas,2.0,65.69,4.0
CMD1475,2024-04-22,CL1199,Lome,Chaussettes,Bas,1.0,6.89,1.0
CMD1326,2024-10-21,CL1147,Lome,T-shirt,Haut,2.0,13.82,4.0
CMD1116,2024-06-14,CL1064,Tsevie,Sac a dos,Accessoire,1.0,56.27,5.0
CMD1045,2024-11-05,CL1183,Lome,Jean,Bas,1.0,66.14,3.0
CMD1161,2024-07-04,CL1175,Aneho,Pull,Haut,5.0,31.52,2.0
CMD1434,2024-07-22,CL1073,Aneho,Veste,Haut,1.0,63.58,5.0
CMD1117,2024-12-10,CL1147,,T-shirt,Haut,1.0,13.19,4.0
CMD1288,2024-04-08,CL1071,Kpalime,Pull,Haut,2.0,41.39,3.0
CMD1077,2024-07-18,CL1137,Lome,Chaussettes,Bas,3.0,,4.0
CMD1381,2024-06-18,CL1027,,T-shirt,Haut,4.0,19.32,4.0
CMD1063,2024-08-14,CL1054,Kara,Veste,Haut,3.0,98.69,
CMD1382,2024-09-22,CL1148,Sokode,T-shirt,Haut,2.0,13.28,5.0
CMD1378,2024-09-30,CL1177,Sokode,Jean,Bas,5.0,50.72,5.0
CMD1230,2024-12-08,CL1134,Lome,Pull,Haut,4.0,32.22,2.0
CMD1297,2024-11-26,CL1196,Lome, Veste ,Haut,2.0,128.03,1.0
CMD1186,2024-10-17,CL1021,Dapaong,Pull,Haut,3.0,34.35,5.0
CMD1403,2024-07-06,CL1193,Dapaong,Jean,Bas,2.0,55.04,5.0
CMD1199,2024-03-29,CL1039,Lome,Sneakers,Chaussures,1.0,62.72,5.0
CMD1334,2024-04-06,CL1185,Tsevie,Chaussettes,Bas,1.0,9.72,5.0
CMD1121,2024-10-08,CL1116,Tsevie,sac a dos,Accessoire,4.0,47.29,1.0
CMD1454,2024-01-31,CL1182,Kara,Veste,Haut,2.0,107.68,3.0
CMD1419,2024-11-28,CL1013,Kpalime,Pull,Haut,3.0,32.51,3.0
CMD1307,2024-02-01,CL1030,Atakpame,T-shirt,Haut,3.0,15.4,
CMD1447,2024-02-09,CL1095,Lome,Pull,Haut,3.0,32.45,5.0
CMD1158,2024-04-30,CL1034,Lome,T-shirt,Haut,5.0,15.96,5.0
CMD1085,2024-04-21,CL1179,Sokode,Sneakers,Chaussures,1.0,80.52,5.0
CMD1225,12/03/2024,CL1114,Atakpame,Sneakers,Chaussures,5.0,47.87,5.0
CMD1262,2024-10-15,CL1007,Tsevie,Sneakers,Chaussures,3.0,57.84,1.0
CMD1331,2024-01-30,CL1105,Dapaong,Casquette,Accessoire,1.0,18.58,5.0
CMD1390,07/08/2024,CL1001,Kara,Chaussettes,Bas,2.0,7.77,4.0
CMD1076,2024-10-26,CL1195,Kara,Chaussettes,Bas,4.0,5.44,1.0
CMD1414,2024-08-07,CL1126,Lome,Pull,Haut,4.0,,3.0
CMD1365,2024-06-15,CL1003,Kpalime,T-shirt,Haut,1.0,197.55,4.0
CMD1087,2024-07-11,CL1183,Sokode,Jean,Bas,2.0,55.25,4.0
CMD1031,2024-05-22,CL1063,Kara,Veste,Haut,1.0,108.27,5.0
CMD1182,2024-10-14,CL1157,Dapaong,Jean,Bas,2.0,61.69,5.0
CMD1105,2024-09-01,CL1016,Lome,Pull,Haut,1.0,30.53,2.0
CMD1389,2024-11-18,CL1047,Dapaong,Chaussettes,Bas,2.0,11.71,3.0
CMD1049,2024-03-16,CL1032,Sokode,Sneakers,Chaussures,3.0,85.92,4.0
CMD1371,2024-08-08,CL1152,Kara,Chaussettes,Bas,3.0,10.63,
CMD1005,2024-05-30,CL1158,Lome,Sac a dos,Accessoire,4.0,62.17,
CMD1017,2024-05-14,CL1195,Aneho,Chaussettes,Bas,1.0,6.11,5.0
CMD1234,2024-12-16,CL1178,Tsevie,Pull,Haut,1.0,41.38,5.0
CMD1387,2024-06-24,CL1027,Lome,Jean,Bas,1.0,45.51,
CMD1106,2024-10-15,CL1021,Lome,Chaussettes,Bas,1.0,8.44,4.0
CMD1134,2024-10-29,CL1025,Lome,Sneakers,Chaussures,1.0,82.15,4.0
CMD1393,2024-06-27,CL1117,Sokode,Pull,Haut,4.0,42.91,4.0
CMD1226,2024-03-17,CL1186,Lome,T-shirt,Haut,1.0,23.78,5.0
CMD1214,2024-02-21,CL1197,Tsevie,Sneakers,Chaussures,2.0,56.62,5.0
CMD1190,2024-01-29,CL1052,,Casquette,Accessoire,4.0,10.45,1.0
CMD1429,2024-12-19,CL1168,Dapaong,Jean,Bas,2.0,43.69,1.0
CMD1320,2024-10-02,CL1135,Lome,Sneakers,Chaussures,3.0,94.02,4.0
CMD1282,2024-12-18,CL1006,Dapaong,Jean,Bas,2.0,69.3,
CMD1029,2024-01-28,CL1167,Tsevie,Pull,Haut,5.0,37.71,
CMD1169,2024-02-25,CL1128,Sokode,Jean,Bas,3.0,51.67,5.0
CMD1180,2024-10-22,CL1054,Lome,T-shirt,Haut,2.0,24.59,5.0
CMD1100,2024-10-01,CL1049,Lome,Casquette,Accessoire,2.0,12.31,3.0
CMD1197,2024-06-22,CL1085,Tsevie,Chaussettes,Bas,4.0,8.67,3.0
CMD1209,2024-10-25,CL1036,Lome,Chaussettes,Bas,1.0,6.99,
CMD1135,2024-03-14,CL1167,Lome,Sac a dos,Accessoire,5.0,35.98,4.0
CMD1459,2024-10-26,CL1039,Lome,Casquette,Accessoire,2.0,12.34,2.0
CMD1417,2024-01-01,CL1051,Kara,Jean,Bas,1.0,67.53,4.0
CMD1198,2024-04-09,CL1089,Sokode,Sneakers,Chaussures,1.0,50.73,4.0
CMD1166,2024-10-03,CL1044,,CASQUETTE,Accessoire,1.0,18.58,4.0
CMD1376,2024-07-28,CL1127,Tsevie,CASQUETTE,Accessoire,1.0,18.31,
CMD1136,2024-12-20,CL1166,Lome,Sneakers,Chaussures,2.0,50.61,4.0
CMD1285,2024-12-19,CL1105,Lome,T-shirt,Haut,4.0,17.73,3.0
CMD1335,2024-01-08,CL1048,Lome,Veste,Haut,3.0,103.15,3.0
CMD1131,2024-06-25,CL1141,Sokode,Sac a dos,Accessoire,5.0,81.92,4.0
CMD1039,2024-04-14,CL1183,Aneho,Chaussettes,Bas,3.0,9.6,
CMD1215,2024-03-19,CL1046,Kpalime,T-shirt,Haut,1.0,20.61,3.0
CMD1043,2024-12-26,CL1156,Tsevie,PULL,Haut,5.0,33.55,4.0
CMD1054,2024-04-26,CL1006,Lome,Veste,Haut,5.0,2002.3500000000001,3.0
CMD1463,2024-12-12,CL1066,Sokode,Veste,Haut,4.0,147.16,4.0
CMD1299,2024-07-22,CL1047,,Sneakers,Chaussures,1.0,115.04,5.0
CMD1460,2024-03-02,CL1091,Lome,Jean,Bas,5.0,40.75,5.0
CMD1304,2024-09-20,CL1022,Tsevie,Veste,Haut,4.0,75.79,4.0
CMD1035,2024-01-30,CL1188,Lome,Sac a dos,Accessoire,2.0,39.29,5.0
CMD1315,2024-07-21,CL1000,Atakpame,T-shirt,Haut,2.0,19.26,4.0
CMD1309,2024-04-23,CL1034,Kara,Jean,Bas,2.0,57.35,3.0
CMD1276,2024-11-15,CL1156,Tsevie,Sac a dos,Accessoire,2.0,75.86,
CMD1124,2024-03-08,CL1112,Lome,Sac a dos,Accessoire,2.0,75.6,4.0
CMD1142,2024-05-03,CL1149,Kpalime,Sneakers,Chaussures,4.0,58.13,5.0
CMD1110,2024-10-09,CL1040,Lome,Casquette,Accessoire,1.0,16.6,2.0
CMD1323,2024-12-04,CL1157,Lome,Veste,Haut,1.0,144.37,4.0
CMD1332,2024-05-10,CL1084,Kara,Chaussettes,Bas,1.0,8.9,3.0
CMD1425,2024-03-25,CL1089,Kpalime,Sneakers,Chaussures,1.0,50.13,5.0
CMD1107,2024-11-12,CL1198,Kpalime,Veste,Haut,4.0,70.66,3.0
CMD1438,2024-11-09,CL1014,Lome,Veste,Haut,4.0,67.76,5.0
CMD1012,2024-10-14,CL1067,Lome,Sac a dos,Accessoire,1.0,38.57,5.0
CMD1272,2024-01-25,CL1072,Sokode,Sac a dos,Accessoire,2.0,88.0,1.0
CMD1047,2024-03-07,CL1067,Lome,CHAUSSETTES,Bas,1.0,10.81,
CMD1203,2024-02-09,CL1023,Tsevie,Sac a dos,Accessoire,3.0,32.26,
CMD1433,2024-02-04,CL1067,Lome,Sneakers,Chaussures,1.0,,1.0
CMD1119,2024-09-08,CL1120,Kpalime,Sneakers,Chaussures,,119.77,2.0
CMD1021,2024-09-05,CL1194,Lome,Veste,Haut,1.0,139.02,2.0
CMD1083,2024-02-05,CL1010,Lome,T-shirt,Haut,3.0,25.0,
CMD1130,2024-10-27,CL1168,Atakpame,Casquette,Accessoire,2.0,18.21,5.0
CMD1469,2024-07-21,CL1007,Tsevie, Sac a dos ,Accessoire,4.0,33.04,5.0
CMD1329,2024-06-12,CL1104,Dapaong,T-shirt,Haut,4.0,24.64,4.0
CMD1229,2024-05-29,CL1000,Atakpame,T-shirt,Haut,2.0,20.22,4.0
CMD1283,2024-10-25,CL1043,Atakpame,Sac a dos,Accessoire,2.0,45.93,5.0
CMD1286,2024-09-22,CL1143,Atakpame,Sac a dos,Accessoire,1.0,82.37,3.0
CMD1123,2024-11-14,CL1160,Sokode,Sac a dos,Accessoire,2.0,54.79,5.0
CMD1033,24/07/2024,CL1042,Kara,Veste,Haut,5.0,74.97,1.0
CMD1461,2024-03-02,CL1040,Lome,Veste,Haut,5.0,100.67,2.0
CMD1004,2024-11-05,CL1011,Tsevie,Jean,Bas,3.0,48.3,4.0
CMD1411,2024-07-11,CL1019,Kpalime,Chaussettes,Bas,2.0,8.43,5.0
CMD1019,2024-09-28,CL1153,Sokode,Veste,Haut,1.0,73.76,1.0
CMD1219,2024-04-12,CL1035,,Casquette,Accessoire,4.0,17.78,5.0
CMD1379,2024-10-01,CL1163,Atakpame,Chaussettes,Bas,3.0,8.81,5.0
CMD1383,2024-12-13,CL1176,Kara,Veste,Haut,4.0,100.12,5.0
CMD1356,2024-05-03,CL1099,Lome,Chaussettes,Bas,2.0,11.5,5.0
CMD1149,2024-08-13,CL1148,Lome,Sneakers,Chaussures,1.0,92.12,1.0
CMD1224,2024-11-28,CL1037,Tsevie,T-shirt,Haut,1.0,16.14,4.0
CMD1247,2024-02-09,CL1035,Kara,Sneakers,Chaussures,3.0,95.93,5.0
CMD1430,2024-05-31,CL1013,Atakpame,Casquette,Accessoire,2.0,12.05,
CMD1151,2024-05-19,CL1065,Sokode,Veste,Haut,3.0,71.89,3.0
CMD1468,2024-06-18,CL1010,Tsevie,Sac a dos,Accessoire,1.0,78.56,2.0
CMD1317,2024-08-29,CL1073,,T-shirt,Haut,1.0,24.15,1.0
CMD1291,2024-03-15,CL1010,Tsevie,Chaussettes,Bas,4.0,11.27,4.0
CMD1233,2024-06-19,CL1011,Dapaong,Veste,Haut,1.0,125.96,3.0
CMD1010,2024-01-17,CL1102,Lome,Veste,Haut,1.0,121.62,4.0
CMD1279,2024-09-20,CL1083,Lome,Pull,Haut,5.0,49.12,3.0
CMD1071,2024-08-31,CL1066,Tsevie,Chaussettes,Bas,5.0,10.81,5.0
CMD1252,2024-05-28,CL1040,Sokode,Pull,Haut,1.0,45.04,4.0
CMD1092,2024-10-30,CL1082,Kara,Casquette,Accessoire,5.0,16.16,4.0
CMD1467,2024-02-03,CL1165,Lome,Casquette,Accessoire,1.0,19.17,3.0
CMD1349,2024-05-16,CL1020,Tsevie,Veste,Haut,2.0,77.27,4.0
CMD1415,2024-10-22,CL1144,Lome,CASQUETTE,Accessoire,2.0,13.23,3.0
CMD1374,2024-10-15,CL1151,Kara,Casquette,Accessoire,4.0,18.16,3.0
CMD1400,2024-08-15,CL1042,Atakpame,Chaussettes,Bas,4.0,9.79,5.0
CMD1192,2024-07-13,CL1180,Lome,T-shirt,Haut,4.0,18.47,5.0
CMD1257,2024-10-09,CL1150,Lome,Sac a dos,Accessoire,3.0,57.95,
CMD1470,2024-04-05,CL1071,Kara,Chaussettes,Bas,1.0,9.78,4.0
CMD1339,2024-07-08,CL1105,Aneho,Sac a dos,Accessoire,3.0,75.7,4.0
CMD1478,2024-10-30,CL1188,Lome,Chaussettes,Bas,1.0,112.2,4.0
CMD1195,2024-06-15,CL1158,Lome,Chaussettes,Bas,4.0,7.03,3.0
CMD1343,2024-10-06,CL1047,Lome,Sac a dos,Accessoire,3.0,57.65,5.0
CMD1137,2024-11-16,CL1138,Aneho,Jean,Bas,4.0,64.81,5.0
CMD1260,2024-10-09,CL1032,Lome,Casquette,Accessoire,2.0,18.46,4.0
CMD1038,2024-01-21,CL1020,Sokode,Veste,Haut,2.0,96.34,5.0
CMD1201,2024-02-04,CL1113,Lome,Pull,Haut,3.0,50.93,5.0
CMD1456,2024-09-15,CL1163,Sokode,Pull,Haut,1.0,38.75,3.0
CMD1290,2024-05-20,CL1031,Sokode,Sac a dos,Accessoire,3.0,49.02,4.0
CMD1448,2024-09-21,CL1102,Lome,Jean,Bas,1.0,52.57,1.0
CMD1189,2024-10-30,CL1134,Kpalime,Pull,Haut,2.0,37.9,5.0
CMD1251,2024-08-15,CL1174,Kara,Jean,Bas,1.0,39.75,2.0
CMD1112,2024-04-29,CL1160,Lome,Casquette,Accessoire,5.0,17.03,4.0
CMD1437,2024-08-11,CL1014,Lome,Pull,Haut,1.0,36.72,3.0
CMD1183,2024-05-19,CL1086,Lome,T-shirt,Haut,2.0,19.92,4.0
CMD1152,2024-06-22,CL1119,Atakpame,Sac a dos,Accessoire,2.0,88.04,2.0
CMD1312,2024-03-17,CL1083,Sokode,Jean,Bas,2.0,37.16,3.0
CMD1325,2024-04-29,CL1055,Kara,T-shirt,Haut,1.0,15.18,5.0
CMD1191,2024-05-28,CL1030,Dapaong,Casquette,Accessoire,1.0,19.45,4.0
CMD1044,2024-02-23,CL1067,Aneho,T-shirt,Haut,2.0,20.68,3.0
CMD1444,2024-12-11,CL1058,Tsevie,Sneakers,Chaussures,1.0,64.13,2.0
CMD1275,2024-05-27,CL1098,Kara,T-shirt,Haut,2.0,19.41,2.0
CMD1006,2024-04-26,CL1020,Lome,Pull,Haut,1.0,42.32,4.0
CMD1250,2024-05-26,CL1051,,Casquette,Accessoire,2.0,17.04,5.0
CMD1311,2024-09-27,CL1019,Sokode,Veste,Haut,1.0,128.57,4.0
CMD1075,2024-06-18,CL1119,Kara,Sneakers,Chaussures,1.0,97.98,5.0
CMD1000,2024-03-12,CL1173,Lome,Jean,Bas,2.0,35.88,2.0
CMD1428,2024-03-12,CL1070,Lome,Chaussettes,Bas,4.0,7.46,3.0
CMD1391,2024-10-01,CL1093,Sokode,Veste,Haut,1.0,78.52,3.0
CMD1383,2024-12-13,CL1176,Kara,Veste,Haut,4.0,100.12,5.0
CMD1432,2024-10-18,CL1093,Lome,T-shirt,Haut,3.0,24.83,4.0
CMD1068,2024-04-22,CL1178,Dapaong,T-shirt,Haut,1.0,23.6,3.0
CMD1167,2024-07-02,CL1150,Lome,Jean,Bas,1.0,58.14,3.0
CMD1392,2024-09-07,CL1163,Lome,Pull,Haut,1.0,30.91,5.0
CMD1218,2024-10-19,CL1118,Kara,Sac a dos,Accessoire,2.0,84.24,5.0
CMD1042,2024-06-27,CL1062,Lome,Jean,Bas,2.0,807.3,2.0
CMD1366,2024-10-13,CL1146,Atakpame,Casquette,Accessoire,1.0,14.14,3.0
CMD1345,2024-03-18,CL1055,Lome,T-shirt,Haut,2.0,17.36,1.0
CMD1072,2024-09-23,CL1160,Dapaong,Veste,Haut,2.0,135.59,5.0
CMD1023,2024-07-23,CL1166,Atakpame,Chaussettes,Bas,2.0,11.75,
CMD1398,2024-07-02,CL1124,Kpalime,Sneakers,Chaussures,5.0,68.59,1.0
CMD1185,2024-08-20,CL1040,Kara,T-shirt,Haut,2.0,13.19,4.0
CMD1348,2024-02-19,CL1038,Lome,Chaussettes,Bas,1.0,10.64,5.0
CMD1103,2024-12-23,CL1163,Sokode,Sneakers,Chaussures,1.0,65.57,3.0
CMD1407,2024-04-15,CL1145,Dapaong,Chaussettes,Bas,1.0,6.16,1.0
CMD1211,2024-12-09,CL1134,Tsevie,Chaussettes,Bas,3.0,9.5,
CMD1067,2024-05-04,CL1167,Sokode,Veste,Haut,4.0,124.65,3.0
CMD1025,2024-01-04,CL1181,Kpalime,T-shirt,Haut,2.0,19.65,2.0
CMD1196,2024-02-24,CL1111,Lome,Sac a dos,Accessoire,3.0,79.92,3.0
CMD1175,2024-04-26,CL1086,Kara,Jean,Bas,2.0,64.85,4.0
